"id_item","prov_micro","precio_micro","prov_volumen","precio_volumen","dif_precio_usd","pct_diferencia"
319,"foundary port sudan",114.00,"pakarab steel factory",0.00,114.00,NULL
228,"foundary port sudan",2.00,"pakarab steel factory",2.00,0.00,0.00
150,"foundary port sudan",89.00,"pakarab steel factory",89.00,0.00,0.00
85,"foundary port sudan",2.00,"pakarab steel factory",2.00,0.00,0.00
202,"foundary port sudan",8.00,"pakarab steel factory",10.00,-2.00,-20.00
230,"foundary port sudan",47.00,"pakarab steel factory",54.00,-7.00,-12.96
257,"foundary port sudan",22.00,"pakarab steel factory",29.00,-7.00,-24.14
112,"foundary port sudan",1.00,"pakarab steel factory",50.00,-49.00,-98.00
111,"foundary port sudan",1301.00,"pakarab steel factory",1500.00,-199.00,-13.27
270,"foundary port sudan",3571.00,"pakarab steel factory",7857.00,-4286.00,-54.55
