"categoria","peso_total_kg","gasto_total","ratio_kg","year"
"account",110,6345.00,57.6818,2026
"l&t",160,8236.00,51.4750,2026
"solar material",35,893.00,25.5143,2026
"cable",70,750.00,10.7143,2026
"raw material",2935,19826.00,6.7550,2026
"meter",1,3.00,3.0000,2026
"mechanical",11760,6930.00,0.5893,2026
"furnace material",3015395,3235.00,0.0011,2026
"electrical",670,6067.00,9.0552,2025
"account",50,250.00,5.0000,2025
"meter",11,54.00,4.9091,2025
"raw material",10785.0,19503.00,1.8083,2025
"mechanical",64700,29942.00,0.4628,2025
"furnace material",92545,11447.00,0.1237,2025
"cable",42,0,0.0000,2025
"solar material",100,0,0.0000,2025
"account",10,3750.00,375.0000,2024
"cable",244,2530.00,10.3689,2024
"l&t",696,5537.00,7.9555,2024
"paktharm matrial",205,1392.00,6.7902,2024
"meter",13,87.00,6.6923,2024
"solar material",6718,18517.00,2.7563,2024
"electrical",5469,5915.00,1.0816,2024
"raw material",16144.6,15084.00,0.9343,2024
"mechanical",13431,9012.00,0.6710,2024
"furnace material",105760.0,23345.00,0.2207,2024
