"anio","pais","ciudad","gasto_total_pais","total_provedores_pais","proc_dependencia_financiera"
2026,"pakistan","sheikhupura",19194.00,1,41.53
2026,"pakistan","lahore",13596.00,1,29.42
2026,"sudan","khartoum",13428.00,1,29.05
2025,"sudan","kosti",35738.00,2,53.13
2025,"sudan","khartoum",22748.00,1,33.82
2025,"sudan","soba",8777.00,1,13.05
2025,"pakistan","lahore",0,1,0.00
2024,"sudan","khartoum",71183.00,2,83.58
2024,"sudan","kosti",13397.00,1,15.73
2024,"pakistan","sheikhupura",589.00,1,0.69
